{
  "hash": "44c3f5c0",
  "configHash": "1e1d632e",
  "lockfileHash": "019d5265",
  "browserHash": "54cb48c7",
  "optimized": {
    "@angular/common": {
      "src": "../../../../../../node_modules/@angular/common/fesm2022/common.mjs",
      "file": "@angular_common.js",
      "fileHash": "795a9715",
      "needsInterop": false
    },
    "@angular/common/http": {
      "src": "../../../../../../node_modules/@angular/common/fesm2022/http.mjs",
      "file": "@angular_common_http.js",
      "fileHash": "dffc5741",
      "needsInterop": false
    },
    "@angular/core": {
      "src": "../../../../../../node_modules/@angular/core/fesm2022/core.mjs",
      "file": "@angular_core.js",
      "fileHash": "248f088c",
      "needsInterop": false
    },
    "@angular/forms": {
      "src": "../../../../../../node_modules/@angular/forms/fesm2022/forms.mjs",
      "file": "@angular_forms.js",
      "fileHash": "a64e6580",
      "needsInterop": false
    },
    "@angular/platform-browser": {
      "src": "../../../../../../node_modules/@angular/platform-browser/fesm2022/platform-browser.mjs",
      "file": "@angular_platform-browser.js",
      "fileHash": "25a5b0de",
      "needsInterop": false
    },
    "@angular/router": {
      "src": "../../../../../../node_modules/@angular/router/fesm2022/router.mjs",
      "file": "@angular_router.js",
      "fileHash": "fd6b21b6",
      "needsInterop": false
    },
    "rxjs": {
      "src": "../../../../../../node_modules/rxjs/dist/esm5/index.js",
      "file": "rxjs.js",
      "fileHash": "f03b55ff",
      "needsInterop": false
    }
  },
  "chunks": {
    "chunk-6KUDZ72V": {
      "file": "chunk-6KUDZ72V.js"
    },
    "chunk-ASIPGDLY": {
      "file": "chunk-ASIPGDLY.js"
    },
    "chunk-CWPRAJON": {
      "file": "chunk-CWPRAJON.js"
    },
    "chunk-GKGIPG6E": {
      "file": "chunk-GKGIPG6E.js"
    },
    "chunk-HHP72VUM": {
      "file": "chunk-HHP72VUM.js"
    },
    "chunk-S35MAB2V": {
      "file": "chunk-S35MAB2V.js"
    }
  }
}