{
  "hash": "241e832c",
  "configHash": "7e224923",
  "lockfileHash": "eb80132c",
  "browserHash": "e08c65fb",
  "optimized": {
    "@angular/common": {
      "src": "../../../../../../node_modules/@angular/common/fesm2022/common.mjs",
      "file": "@angular_common.js",
      "fileHash": "3d905760",
      "needsInterop": false
    },
    "@angular/core": {
      "src": "../../../../../../node_modules/@angular/core/fesm2022/core.mjs",
      "file": "@angular_core.js",
      "fileHash": "497bc8fc",
      "needsInterop": false
    },
    "@angular/forms": {
      "src": "../../../../../../node_modules/@angular/forms/fesm2022/forms.mjs",
      "file": "@angular_forms.js",
      "fileHash": "c111f58c",
      "needsInterop": false
    },
    "@angular/platform-browser": {
      "src": "../../../../../../node_modules/@angular/platform-browser/fesm2022/platform-browser.mjs",
      "file": "@angular_platform-browser.js",
      "fileHash": "14342ca4",
      "needsInterop": false
    },
    "@angular/router": {
      "src": "../../../../../../node_modules/@angular/router/fesm2022/router.mjs",
      "file": "@angular_router.js",
      "fileHash": "21d9dfce",
      "needsInterop": false
    }
  },
  "chunks": {
    "chunk-PYDICAF2": {
      "file": "chunk-PYDICAF2.js"
    },
    "chunk-R4MCE6RK": {
      "file": "chunk-R4MCE6RK.js"
    },
    "chunk-X46E4LQX": {
      "file": "chunk-X46E4LQX.js"
    }
  }
}